Qualidade DLSS,Multi Frame Generation,Ray reconstruction,Tracing,Avg QPS (CyberPunk),TimeStamp,Avg FPS (FrameView),GPU0Clk(MHz),GPU0MemClk(MHz),GPU0 Util%,GPU0 Temp (C),GPU NV Power (Watts) (API),CPUClk(MHz),CPU Util %,CPU Temp (C),CPU Package Power(Watts)
Desempenho Ultra,2x,Sim,Ray tracing,165.21,2026-09-29T221300,164.900,2.808.441,14.000.999,78.302,58.224,107.092,3.970.765,70.833,45.954,43.780
Desempenho,2x,Sim,Ray tracing,143.15,2026-09-29T221556,142.797,2.797.751,14.000.999,91.476,60.459,121.093,3.974.759,65.758,45.672,42.403
Balanceado,2x,Sim,Ray tracing,127.21,2026-09-29T221816,127.157,2.791.188,14.001.000,93.096,62.353,127.958,3.962.488,58.300,45.087,39.960
Qualidade,2x,Sim,Ray tracing,95.16,2026-09-29T222050,95.062,2.797.591,14.000.999,94.671,61.191,121.538,3.919.867,47.183,43.028,33.797
DLAA,2x,Sim,Ray tracing,17.60,2026-09-29T223345,34.816,2.805.785,14.001.000,97.086,58.901,103.684,3.800.247,27.244,40.714,22.483
Desempenho Ultra,3x,Sim,Ray tracing,224.36,2026-09-29T223621,223.397,2.806.127,14.001.000,85.942,58.334,109.235,3.978.717,69.724,45.495,43.446
Desempenho,3x,Sim,Ray tracing,197.86,2026-09-29T224345,198.264,2.792.262,14.001.000,91.400,61.681,123.313,3.967.553,61.617,45.065,41.241
Balanceado,3x,Sim,Ray tracing,169.94,2026-09-29T224536,169.991,2.792.256,14.001.001,93.125,62.577,125.538,3.958.137,56.409,44.180,38.707
Qualidade,3x,Sim,Ray tracing,156.94,2026-09-29T224755,157.711,2.787.810,14.001.000,94.776,63.751,133.855,3.941.028,50.535,43.147,36.006
DLAA,3x,Sim,Ray tracing,31.58,2026-09-29T225336,94.034,2.782.887,14.001.000,96.622,64.261,139.374,3.825.294,34.267,40.472,25.912
Desempenho Ultra,4x,Sim,Ray tracing,288.96,2026-09-29T225544,288.090,2.795.689,14.000.999,88.131,61.133,116.406,3.975.407,68.790,46.455,43.326
Desempenho,4x,Sim,Ray tracing,247.41,2026-09-29T225744,247.440,2.790.497,14.001.000,91.898,63.272,125.957,3.965.920,61.301,45.694,41.012
Balanceado,4x,Sim,Ray tracing,220.09,2026-09-29T230010,219.555,2.789.570,14.001.000,93.397,63.412,129.973,3.955.316,55.448,44.635,38.264
Qualidade,4x,Sim,Ray tracing,201.7,2026-09-29T230215,201.620,2.783.124,14.001.000,95.008,65.123,136.890,3.941.963,49.814,43.860,35.794
DLAA,4x,Sim,Ray tracing,31.17,2026-09-29T230415,123.841,2.777.578,14.001.000,96.378,66.680,142.299,3.846.174,34.762,41.180,26.399
Desempenho Ultra,2x,Não,Ray tracing,147.51,2026-09-29T230813,156.664,2.805.651,14.001.000,79.726,57.243,101.409,3.978.106,73.612,46.711,43.946
Desempenho,2x,Não,Ray tracing,69.41,2026-09-29T231027,132.347,2.786.252,14.001.000,90.966,61.039,118.715,3.969.564,62.541,45.544,41.120
Balanceado,2x,Não,Ray tracing,58.42,2026-09-29T231221,115.771,2.781.814,14.001.000,93.290,62.558,123.248,3.956.341,56.734,44.578,38.808
Qualidade,2x,Não,Ray tracing,52,2026-09-29T231458,103.296,2.781.812,14.001.000,94.360,62.448,126.456,3.935.578,50.317,43.743,35.669
DLAA,2x,Não,Ray tracing,22.98,2026-09-29T231716,45.710,2.792.379,14.001.001,97.009,60.346,113.928,3.794.510,29.312,40.501,23.219
Desempenho Ultra,3x,Não,Ray tracing,193.09,2026-09-29T231900,218.099,2.800.299,14.001.000,85.781,59.584,107.150,3.975.765,70.652,45.824,43.537
Desempenho,3x,Não,Ray tracing,69.75,2026-09-29T232052,187.773,2.780.344,14.001.000,91.843,62.742,123.625,3.967.992,61.685,45.610,40.998
Balanceado,3x,Não,Ray tracing,56.22,2026-09-29T232238,165.354,2.778.800,14.001.001,93.585,63.760,126.773,3.955.109,54.366,44.331,37.930
Qualidade,3x,Não,Ray tracing,51.72,2026-09-29T232422,154.337,2.775.308,14.001.000,94.914,64.929,133.126,3.937.650,49.955,43.701,35.643
DLAA,3x,Não,Ray tracing,26.37,2026-09-29T232630,78.546,2.782.303,14.001.000,97.390,62.590,123.562,3.836.723,31.921,40.550,24.802
Desempenho Ultra,4x,Não,Ray tracing,236.36,2026-09-29T232842,263.455,2.799.379,14.001.000,90.318,59.637,108.603,3.973.209,67.561,45.767,42.658
Desempenho,4x,Não,Ray tracing,59.89,2026-09-29T233049,238.217,2.780.065,14.001.000,93.009,63.245,126.865,3.961.251,58.405,44.892,39.893
Balanceado,4x,Não,Ray tracing,54.87,2026-09-29T233247,218.403,2.776.795,14.001.000,93.818,64.284,132.090,3.951.209,52.930,44.622,37.428
Qualidade,4x,Não,Ray tracing,47.98,2026-09-29T233438,190.086,2.777.266,14.001.000,94.988,64.688,132.668,3.920.399,48.421,43.859,34.698
DLAA,4x,Não,Ray tracing,16.49,2026-09-29T233650,66.256,2.803.022,14.000.999,97.570,58.434,99.445,3.798.659,25.744,41.123,21.671
Desempenho Ultra,2x,Sim,Path tracing,135.25,2026-09-29T234039,140.952,2.809.566,14.001.000,90.097,57.992,107.777,3.971.958,65.952,45.742,42.339
Desempenho,2x,Sim,Path tracing,91.15,2026-09-29T234250,112.029,2.794.875,14.001.000,93.380,61.278,121.672,3.953.635,56.053,44.312,38.661
Balanceado,2x,Sim,Path tracing,50.25,2026-09-29T234431,92.231,2.792.175,14.001.000,94.787,62.515,124.005,3.913.534,46.039,42.487,32.950
Qualidade,2x,Sim,Path tracing,41.28,2026-09-29T234647,82.040,2.791.582,14.000.999,95.488,63.124,130.385,3.873.295,42.562,41.850,30.824
DLAA,2x,Sim,Path tracing,16.12,2026-09-29T234844,32.347,2.803.420,14.001.000,98.306,60.997,115.083,3.809.412,24.682,40.414,21.184
Desempenho Ultra,3x,Sim,Path tracing,187.50,2026-09-29T235135,198.383,2.804.982,14.001.001,89.810,59.295,112.415,3.975.291,67.465,45.275,42.882
Desempenho,3x,Sim,Path tracing,111.94,2026-09-29T235319,159.703,2.790.995,14.001.000,94.304,62.790,125.227,3.946.283,51.498,43.246,36.591
Balanceado,3x,Sim,Path tracing,54.73,2026-09-29T235505,137.979,2.790.083,14.001.000,95.139,63.742,129.292,3.912.772,45.794,42.665,33.083
Qualidade,3x,Sim,Path tracing,40.67,2026-09-29T235652,118.816,2.789.873,14.001.000,95.887,64.541,132.731,3.846.172,40.895,41.723,29.763
DLAA,3x,Sim,Path tracing,17.10,2026-09-29T235841,51.400,2.797.709,14.000.999,98.077,61.964,119.334,3.803.338,24.823,39.902,21.046
Desempenho Ultra,4x,Sim,Path tracing,230.86,2026-09-30T000118,246.203,2.800.217,14.001.000,91.241,60.193,115.029,3.967.277,63.151,44.953,41.447
Desempenho,4x,Sim,Path tracing,105.97,2026-09-30T000307,197.024,2.791.129,14.001.000,94.829,62.575,124.686,3.935.174,49.305,43.608,35.279
Balanceado,4x,Sim,Path tracing,48.15,2026-09-30T000502,172.747,2.790.714,14.001.000,95.003,63.271,129.374,3.911.337,47.159,42.809,33.578
Qualidade,4x,Sim,Path tracing,35.44,2026-09-30T000646,141.565,2.790.923,14.001.000,96.254,63.755,128.339,3.839.632,38.766,41.552,28.347
DLAA,4x,Sim,Path tracing,15.91,2026-09-30T000836,63.443,2.802.702,14.001.000,97.943,61.399,116.182,3.779.188,24.025,39.666,20.567
Desempenho Ultra,2x,Não,Path tracing,63.51,2026-09-30T001134,126.165,2.807.367,14.001.000,91.177,57.347,102.293,3.970.135,63.138,45.418,41.312
Desempenho,2x,Não,Path tracing,50.72,2026-09-30T001317,101.124,2.786.764,14.001.000,93.181,61.827,119.279,3.930.376,49.590,43.010,35.191
Balanceado,2x,Não,Path tracing,39.52,2026-09-30T001459,78.752,2.787.989,14.000.999,96.110,62.087,120.999,3.852.335,41.018,41.782,29.578
Qualidade,2x,Não,Path tracing,35.57,2026-09-30T001703,71.068,2.786.375,14.001.000,96.543,62.320,126.769,3.831.846,38.503,41.101,28.039
DLAA,2x,Não,Path tracing,4.24,2026-09-30T002227,8.511,2.834.616,14.001.000,99.195,50.068,59.835,3.928.339,16.779,43.966,19.905
Desempenho Ultra,3x,Não,Path tracing,65.11,2026-09-30T002440,194.321,2.804.466,14.001.000,90.496,58.906,111.649,3.971.526,64.925,44.675,42.082
Desempenho,3x,Não,Path tracing,48.52,2026-09-30T002635,144.980,2.787.325,14.001.000,94.740,61.645,123.931,3.924.686,48.279,42.799,34.601
Balanceado,3x,Não,Path tracing,41.38,2026-09-30T002821,123.246,2.783.945,14.001.000,95.786,62.788,126.477,3.877.880,42.703,41.642,31.033
Qualidade,3x,Não,Path tracing,33.40,2026-09-30T003004,99.894,2.786.258,14.001.000,96.051,62.783,126.004,3.834.696,37.618,40.441,27.591
DLAA,3x,Não,Path tracing,3.95,2026-09-30T003542,11.923,2.835.005,14.001.000,99.201,49.461,59.326,3.944.293,16.346,43.875,19.669
Desempenho Ultra,4x,Não,Path tracing,57.32,2026-09-30T003747,228.175,2.805.111,14.001.000,92.060,58.639,110.978,3.964.085,60.764,43.530,40.241
Desempenho,4x,Não,Path tracing,44.43,2026-09-30T003933,177.158,2.788.592,14.001.000,95.026,61.558,121.915,3.914.729,47.296,42.387,33.762
Balanceado,4x,Não,Path tracing,30.96,2026-09-30T004114,125.089,2.798.366,14.001.000,96.136,60.078,112.137,3.848.719,37.193,40.912,27.679
DLAA,4x,Não,Path tracing,3.88,2026-09-30T004845,15.564,2.834.999,14.001.000,99.266,49.526,58.785,3.946.085,16.039,43.610,19.506
Desempenho Ultra,2x,Não,Não,204.88,2026-09-30T005249,204.486,2.799.548,14.001.000,82.194,55.454,100.758,3.982.664,78.609,46.657,47.555
Desempenho,2x,Não,Não,195.01,2026-09-30T005431,193.670,2.779.140,14.001.001,91.826,60.916,119.068,3.982.509,75.640,46.853,46.583
Balanceado,2x,Não,Não,186.55,2026-09-30T005610,185.613,2.768.099,14.001.000,92.583,62.864,124.379,3.979.058,76.174,47.167,46.959
Qualdade,2x,Não,Não,179.02,2026-09-30T005753,178.009,2.764.890,14.001.000,93.934,64.278,131.787,3.977.653,72.124,46.882,45.838
DLAA,2x,Não,Não,77.61,2026-09-30T005935,121.696,2.774.881,14.001.000,96.540,66.990,146.487,3.849.554,52.272,44.034,36.392
Desempenho Ultra,3x,Não,Não,299.03,2026-09-30T010121,297.923,2.785.512,14.000.999,88.135,61.655,113.175,3.982.264,77.910,47.527,47.361
Desempenho,3x,Não,Não,274.71,2026-09-30T010303,273.365,2.771.035,14.001.000,93.222,63.829,126.518,3.981.954,73.163,47.431,46.018
Balanceado,3x,Não,Não,262.19,2026-09-30T010441,260.922,2.766.144,14.001.000,94.428,64.999,130.913,3.980.771,71.425,47.501,45.526
Qualidade,3x,Não,Não,243.35,2026-09-30T010848,244.339,2.768.153,14.001.000,94.801,63.097,133.606,3.975.478,69.112,46.717,44.723
DLAA,3x,Não,Não,82.37,2026-09-30T011045,171.436,2.774.843,14.000.999,96.735,66.542,147.123,3.858.592,50.459,44.068,35.777
Desempenho Ultra,4x,Não,Não,377.22,2026-09-30T011244,375.018,2.782.406,14.001.000,92.533,62.395,120.765,3.979.500,75.528,47.025,46.850
Desempenho,4x,Não,Não,338.20,2026-09-30T011423,337.128,2.770.653,14.001.000,94.451,64.653,130.067,3.976.833,70.283,46.953,45.280
Balanceado,4x,Não,Não,320.85,2026-09-30T011603,320.141,2.766.626,14.001.000,94.950,65.404,133.622,3.975.529,68.353,46.939,44.625
Qualidade,4x,Não,Não,300.68,2026-09-30T011740,300.734,2.770.658,14.001.000,95.347,66.464,137.812,3.974.399,62.758,46.353,42.542
DLAA,4x,Não,Não,91.17,2026-09-30T011920,212.426,2.773.979,13.994.002,95.196,68.097,147.318,3.834.352,47.959,43.637,34.250
Desempenho Ultra,Não,Sim,Ray tracing,83.12,2026-09-30T012501,83.212,2.813.021,14.001.000,60.109,55.357,87.421,3.968.398,70.120,46.017,43.233
Desempenho,Não,Sim,Ray tracing,81.40,2026-09-30T012648,81.544,2.796.983,14.001.000,79.753,61.252,115.513,3.970.679,70.271,46.393,43.034
Balanceado,Não,Sim,Ray tracing,71.49,2026-09-30T012900,71.561,2.792.843,14.001.000,82.821,62.111,122.263,3.976.452,73.649,46.578,44.756
Qualidade,Não,Sim,Ray tracing,65.53,2026-09-30T013059,65.593,2.785.196,14.001.000,90.158,64.606,134.082,3.973.242,66.599,45.648,42.656
DLAA,Não,Sim,Ray tracing,38.16,2026-09-30T013246,38.209,2.776.961,14.000.999,97.097,67.571,146.928,3.875.566,44.277,42.630,31.566
Desempenho Ultra,Não,Sim,Path tracing,77.92,2026-09-30T013653,77.472,2.812.744,14.001.001,81.367,56.061,97.028,3.970.299,72.588,46.183,43.746
Desempenho,Não,Sim,Path tracing,64.12,2026-09-30T013830,64.040,2.795.447,14.001.000,92.481,61.508,118.324,3.970.593,63.671,45.417,41.918
Balanceado,Não,Sim,Path tracing,56.57,2026-09-30T014037,56.404,2.791.463,14.001.000,93.235,62.520,128.126,3.960.514,57.739,44.594,39.262
Qualidade,Não,Sim,Path tracing,46.98,2026-09-30T014226,46.910,2.789.803,14.000.999,96.145,64.011,132.092,3.924.894,49.683,43.525,35.075
DLAA,Não,Sim,Path tracing,28.21,2026-09-30T014418,20.031,2.798.249,14.001.001,97.586,62.531,124.084,3.822.427,27.174,39.654,22.256
Desempenho Ultra,Não,Não,Ray tracing,81.15,2026-09-30T014721,81.174,2.811.408,14.000.999,63.779,54.147,83.692,3.969.808,70.988,45.699,43.053
Desempenho,Não,Não,Ray tracing,78.66,2026-09-30T014931,78.541,2.787.578,14.001.001,85.678,60.575,116.582,3.969.865,71.793,45.943,43.451
Balanceado,Não,Não,Ray tracing,72.54,2026-09-30T015155,72.461,2.778.720,14.001.000,91.163,61.922,125.326,3.977.957,66.726,45.452,42.482
Qualidade,Não,Não,Ray tracing,64.57,2026-09-30T015334,64.580,2.773.728,14.001.000,93.346,64.471,132.874,3.969.115,61.569,45.124,41.033
DLAA,Não,Não,Ray tracing,35.03,2026-09-30T015518,34.732,2.772.352,14.001.000,96.845,64.908,135.714,3.839.708,38.924,41.776,28.234
Desempenho Ultra,Não,Não,Path tracing,79.06,2026-09-30T015757,79.179,2.806.524,14.001.000,85.474,57.547,101.486,3.974.466,71.724,45.949,43.212
Desempenho,Não,Não,Path tracing,59.47,2026-09-30T015937,59.406,2.784.817,14.001.000,95.069,62.264,121.379,3.962.966,58.647,44.808,40.034
Balanceado,Não,Não,Path tracing,51.52,2026-09-30T020118,51.475,2.780.663,14.001.000,95.399,63.587,128.779,3.943.614,53.053,44.448,37.308
Qualidade,Não,Não,Path tracing,42.81,2026-09-30T020259,42.693,2.780.756,14.001.000,96.384,64.115,131.479,3.894.363,46.558,43.188,33.054
DLAA,Não,Não,Path tracing,4.38,2026-09-30T020811,4.367,2.834.620,14.001.000,99.316,49.908,59.819,3.927.296,15.686,43.965,19.134
Desempenho Ultra,Não,Não,Não,110.27,2026-09-30T021110,110.340,2.809.839,14.001.000,61.364,51.874,79.096,3.982.049,75.579,46.368,46.522
Desempenho,Não,Não,Não,109.49,2026-09-30T021259,109.665,2.788.973,14.001.000,76.576,58.474,103.861,3.977.998,75.808,46.836,46.724
Balanceado,Não,Não,Não,110.46,2026-09-30T021437,110.454,2.772.230,14.001.000,83.682,61.020,115.995,3.977.925,75.966,47.130,46.717
Qualidade,Não,Não,Não,108.80,2026-09-30T021613,108.588,2.761.510,14.001.000,90.404,63.786,127.552,3.981.737,74.978,47.481,46.328
DLAA,Não,Não,Não,73.46,2026-09-30T021825,73.156,2.772.317,14.001.000,97.049,66.834,149.761,3.960.711,57.596,45.388,40.669